GROUP,PACKAGE,CLASS,INSTRUCTION_MISSED,INSTRUCTION_COVERED,BRANCH_MISSED,BRANCH_COVERED,LINE_MISSED,LINE_COVERED,COMPLEXITY_MISSED,COMPLEXITY_COVERED,METHOD_MISSED,METHOD_COVERED
sistema-riego-goteo-api,com.sistemariegoagoteo.sistema_riego_goteo_api.dto.sync,IrrigationSyncBatchRequest,72,10,14,0,1,3,12,3,5,3
sistema-riego-goteo-api,com.sistemariegoagoteo.sistema_riego_goteo_api.dto.sync,MaintenanceSyncBatchRequest,82,0,14,0,4,0,15,0,8,0
sistema-riego-goteo-api,com.sistemariegoagoteo.sistema_riego_goteo_api.dto.sync,OperationLogSyncItem,254,0,46,0,8,0,39,0,16,0
sistema-riego-goteo-api,com.sistemariegoagoteo.sistema_riego_goteo_api.dto.sync,IrrigationSyncResponse,133,27,20,0,2,5,19,5,9,5
sistema-riego-goteo-api,com.sistemariegoagoteo.sistema_riego_goteo_api.dto.sync,IrrigationSyncResultItem,169,28,34,0,2,5,23,8,6,8
sistema-riego-goteo-api,com.sistemariegoagoteo.sistema_riego_goteo_api.dto.sync,OperationLogSyncBatchRequest,82,0,14,0,4,0,15,0,8,0
sistema-riego-goteo-api,com.sistemariegoagoteo.sistema_riego_goteo_api.dto.sync,TaskStatusSyncBatchRequest,82,0,14,0,4,0,15,0,8,0
sistema-riego-goteo-api,com.sistemariegoagoteo.sistema_riego_goteo_api.dto.sync,MaintenanceSyncItem,255,0,46,0,8,0,39,0,16,0
sistema-riego-goteo-api,com.sistemariegoagoteo.sistema_riego_goteo_api.dto.sync,FertilizationSyncBatchRequest,82,0,14,0,4,0,15,0,8,0
sistema-riego-goteo-api,com.sistemariegoagoteo.sistema_riego_goteo_api.dto.sync,FertilizationSyncItem,298,0,54,0,9,0,45,0,18,0
sistema-riego-goteo-api,com.sistemariegoagoteo.sistema_riego_goteo_api.dto.sync,MobileSyncResponse,160,0,20,0,7,0,24,0,14,0
sistema-riego-goteo-api,com.sistemariegoagoteo.sistema_riego_goteo_api.dto.sync,MobileSyncResultItem,197,0,34,0,7,0,31,0,14,0
sistema-riego-goteo-api,com.sistemariegoagoteo.sistema_riego_goteo_api.dto.sync,IrrigationSyncItem,305,38,62,0,3,7,40,11,9,11
sistema-riego-goteo-api,com.sistemariegoagoteo.sistema_riego_goteo_api.dto.sync,TaskStatusSyncItem,167,0,30,0,6,0,27,0,12,0
sistema-riego-goteo-api,com.sistemariegoagoteo.sistema_riego_goteo_api.config,DataInitializer,13,684,4,26,4,121,4,18,0,7
sistema-riego-goteo-api,com.sistemariegoagoteo.sistema_riego_goteo_api.config,SecurityConfig,0,123,0,0,0,27,0,8,0,8
sistema-riego-goteo-api,com.sistemariegoagoteo.sistema_riego_goteo_api.service.audit,AuditService,430,16,40,0,68,2,32,2,12,2
sistema-riego-goteo-api,com.sistemariegoagoteo.sistema_riego_goteo_api.config.seeder,SystemConfigSeeder,4,255,1,1,2,8,1,3,0,3
sistema-riego-goteo-api,com.sistemariegoagoteo.sistema_riego_goteo_api.controller.analytics,AnalyticsController,33,6,0,0,6,1,3,1,3,1
sistema-riego-goteo-api,com.sistemariegoagoteo.sistema_riego_goteo_api.util,GenerateSecretKey,22,0,0,0,7,0,2,0,2,0
sistema-riego-goteo-api,com.sistemariegoagoteo.sistema_riego_goteo_api.util,PasswordEncoderUtil,19,0,0,0,6,0,2,0,2,0
sistema-riego-goteo-api,com.sistemariegoagoteo.sistema_riego_goteo_api.model.report,ReportTask.ReportStatus,0,27,0,0,0,5,0,1,0,1
sistema-riego-goteo-api,com.sistemariegoagoteo.sistema_riego_goteo_api.model.report,ReportTask.ReportTaskBuilder,85,0,0,0,1,0,11,0,11,0
sistema-riego-goteo-api,com.sistemariegoagoteo.sistema_riego_goteo_api.model.report,ReportTask,97,3,2,0,15,1,20,1,19,1
sistema-riego-goteo-api,com.sistemariegoagoteo.sistema_riego_goteo_api.dto.dashboard.analyst,TaskSummaryDTO,147,27,14,0,2,5,16,5,9,5
sistema-riego-goteo-api,com.sistemariegoagoteo.sistema_riego_goteo_api.dto.dashboard.analyst,WaterBalanceDTO,152,18,30,0,3,3,24,3,9,3
sistema-riego-goteo-api,com.sistemariegoagoteo.sistema_riego_goteo_api.dto.dashboard.analyst,FarmStatusDTO,243,36,48,0,4,10,36,6,12,6
sistema-riego-goteo-api,com.sistemariegoagoteo.sistema_riego_goteo_api.dto.dashboard,UserStatsResponse,184,0,20,0,7,0,24,0,14,0
sistema-riego-goteo-api,com.sistemariegoagoteo.sistema_riego_goteo_api.dto.dashboard,DashboardKpiResponse,210,39,24,0,1,7,22,7,10,7
sistema-riego-goteo-api,com.sistemariegoagoteo.sistema_riego_goteo_api.controller.riego,OperationLogController,92,10,4,0,19,2,8,2,6,2
sistema-riego-goteo-api,com.sistemariegoagoteo.sistema_riego_goteo_api.controller.riego,IrrigationEquipmentController,99,10,0,0,17,2,5,2,5,2
sistema-riego-goteo-api,com.sistemariegoagoteo.sistema_riego_goteo_api.controller.riego,SectorController,111,10,0,0,20,2,6,2,6,2
sistema-riego-goteo-api,com.sistemariegoagoteo.sistema_riego_goteo_api.controller.riego,IrrigationController,125,10,0,0,21,2,6,2,6,2
sistema-riego-goteo-api,com.sistemariegoagoteo.sistema_riego_goteo_api.controller.riego,WaterSourceController,78,10,0,0,18,2,5,2,5,2
sistema-riego-goteo-api,com.sistemariegoagoteo.sistema_riego_goteo_api.controller.riego,ReservoirTurnController,82,10,0,0,18,2,5,2,5,2
sistema-riego-goteo-api,com.sistemariegoagoteo.sistema_riego_goteo_api.controller.riego,HumiditySensorController,82,10,0,0,18,2,5,2,5,2
sistema-riego-goteo-api,com.sistemariegoagoteo.sistema_riego_goteo_api.controller.riego,TaskController,57,6,0,0,10,1,4,1,4,1
sistema-riego-goteo-api,com.sistemariegoagoteo.sistema_riego_goteo_api.controller.riego,EnergyConsumptionController,78,10,0,0,18,2,5,2,5,2
sistema-riego-goteo-api,com.sistemariegoagoteo.sistema_riego_goteo_api.controller.riego,MaintenanceController,82,10,0,0,18,2,5,2,5,2
sistema-riego-goteo-api,com.sistemariegoagoteo.sistema_riego_goteo_api.controller.riego,PrecipitationController,130,10,0,0,24,2,8,2,8,2
sistema-riego-goteo-api,com.sistemariegoagoteo.sistema_riego_goteo_api.controller.riego,GlobalSectorController,16,10,0,0,5,2,1,2,1,2
sistema-riego-goteo-api,com.sistemariegoagoteo.sistema_riego_goteo_api.controller.riego,OperationTypeController,47,3,0,0,2,1,1,1,1,1
sistema-riego-goteo-api,com.sistemariegoagoteo.sistema_riego_goteo_api.controller.riego,FertilizationController,63,10,0,0,14,2,4,2,4,2
sistema-riego-goteo-api,com.sistemariegoagoteo.sistema_riego_goteo_api.controller.riego,HumidityAlertController,108,10,0,0,18,2,5,2,5,2
sistema-riego-goteo-api,com.sistemariegoagoteo.sistema_riego_goteo_api.controller.riego,FarmController,12,74,0,0,2,17,0,7,0,7
sistema-riego-goteo-api,com.sistemariegoagoteo.sistema_riego_goteo_api.service.notification,NotificationService,10,97,0,2,3,20,2,7,2,6
sistema-riego-goteo-api,com.sistemariegoagoteo.sistema_riego_goteo_api.service.notification,FcmService,114,21,16,2,39,6,10,3,1,3
sistema-riego-goteo-api,com.sistemariegoagoteo.sistema_riego_goteo_api.scheduler,WeatherScheduler,70,30,1,1,14,6,4,3,3,3
sistema-riego-goteo-api,com.sistemariegoagoteo.sistema_riego_goteo_api.controller.audit,AuditController,141,10,0,0,19,2,7,2,7,2
sistema-riego-goteo-api,com.sistemariegoagoteo.sistema_riego_goteo_api.dto.config,AgronomicConfigDTO,218,17,46,0,3,3,33,5,10,5
sistema-riego-goteo-api,com.sistemariegoagoteo.sistema_riego_goteo_api.dto.config,WeatherConfigDTO,195,0,38,0,5,0,32,0,13,0
sistema-riego-goteo-api,com.sistemariegoagoteo.sistema_riego_goteo_api.dto.config,ReportConfigDTO,155,0,30,0,4,0,26,0,11,0
sistema-riego-goteo-api,com.sistemariegoagoteo.sistema_riego_goteo_api.dto.config,OrganizationConfigDTO,195,0,38,0,5,0,32,0,13,0
sistema-riego-goteo-api,com.sistemariegoagoteo.sistema_riego_goteo_api.dto.config,NotificationConfigDTO.ChannelConfig,75,0,14,0,2,0,14,0,7,0
sistema-riego-goteo-api,com.sistemariegoagoteo.sistema_riego_goteo_api.dto.config,NotificationConfigDTO,116,0,22,0,3,0,20,0,9,0
sistema-riego-goteo-api,com.sistemariegoagoteo.sistema_riego_goteo_api.dto.config,SecurityConfigDTO,185,10,38,0,3,2,29,3,10,3
sistema-riego-goteo-api,com.sistemariegoagoteo.sistema_riego_goteo_api.controller.dashboard,AnalystDashboardController,24,6,0,0,4,1,3,1,3,1
sistema-riego-goteo-api,com.sistemariegoagoteo.sistema_riego_goteo_api.controller.dashboard,DashboardController,7,6,0,0,2,1,1,1,1,1
sistema-riego-goteo-api,com.sistemariegoagoteo.sistema_riego_goteo_api.event,TaskStatusUpdatedEvent,15,0,0,0,1,0,1,0,1,0
sistema-riego-goteo-api,com.sistemariegoagoteo.sistema_riego_goteo_api.event,TaskAssignedEvent,12,0,0,0,1,0,1,0,1,0
sistema-riego-goteo-api,com.sistemariegoagoteo.sistema_riego_goteo_api.event,HumidityAlertCreatedEvent,15,0,0,0,1,0,1,0,1,0
sistema-riego-goteo-api,com.sistemariegoagoteo.sistema_riego_goteo_api.event,MaintenanceCreatedEvent,15,0,0,0,1,0,1,0,1,0
sistema-riego-goteo-api,com.sistemariegoagoteo.sistema_riego_goteo_api.dto.exception,ErrorResponse,204,33,40,0,2,6,30,6,10,6
sistema-riego-goteo-api,com.sistemariegoagoteo.sistema_riego_goteo_api.dto.auth,RegisterRequest,197,56,46,0,0,8,27,12,4,12
sistema-riego-goteo-api,com.sistemariegoagoteo.sistema_riego_goteo_api.dto.auth,AuthRequest,98,26,22,0,0,5,15,6,4,6
sistema-riego-goteo-api,com.sistemariegoagoteo.sistema_riego_goteo_api.dto.auth,AuthResponse,148,24,26,0,6,4,22,4,9,4
sistema-riego-goteo-api,com.sistemariegoagoteo.sistema_riego_goteo_api.dto.auth,RegisterResponse,281,45,58,0,2,8,41,8,12,8
sistema-riego-goteo-api,com.sistemariegoagoteo.sistema_riego_goteo_api.model.user,User,26,129,1,1,6,27,9,21,8,21
sistema-riego-goteo-api,com.sistemariegoagoteo.sistema_riego_goteo_api.model.user,Permission,127,3,22,0,7,1,21,1,10,1
sistema-riego-goteo-api,com.sistemariegoagoteo.sistema_riego_goteo_api.model.user,Role,129,26,22,0,3,7,20,4,9,4
sistema-riego-goteo-api,com.sistemariegoagoteo.sistema_riego_goteo_api.service.geocoding,GeocodingService,98,10,16,0,18,4,9,2,1,2
sistema-riego-goteo-api,com.sistemariegoagoteo.sistema_riego_goteo_api.service.geocoding,GeocodingService.Coordinates,9,0,0,0,1,0,1,0,1,0
sistema-riego-goteo-api,com.sistemariegoagoteo.sistema_riego_goteo_api.util.report,ReportBrandingHelper,40,484,4,4,15,109,4,11,0,11
sistema-riego-goteo-api,com.sistemariegoagoteo.sistema_riego_goteo_api.util.report,ReportBrandingHelper.PdfPageNumberFooter,8,123,3,3,5,30,3,5,0,5
sistema-riego-goteo-api,com.sistemariegoagoteo.sistema_riego_goteo_api.event.listener,NotificationEventListener,234,13,8,0,55,2,14,2,10,2
sistema-riego-goteo-api,com.sistemariegoagoteo.sistema_riego_goteo_api.dto.report,WaterBalanceReportDTO.FarmTotals,137,21,30,0,1,3,20,6,5,6
sistema-riego-goteo-api,com.sistemariegoagoteo.sistema_riego_goteo_api.dto.report,PeriodSummaryReportDTO.WaterUsageBySector,105,11,22,0,2,1,17,3,6,3
sistema-riego-goteo-api,com.sistemariegoagoteo.sistema_riego_goteo_api.dto.report,OperationsLogReportDTO.DateRange,104,11,22,0,2,1,17,3,6,3
sistema-riego-goteo-api,com.sistemariegoagoteo.sistema_riego_goteo_api.dto.report,PeriodSummaryReportDTO.OperationsSummary,134,25,14,0,2,3,13,7,6,7
sistema-riego-goteo-api,com.sistemariegoagoteo.sistema_riego_goteo_api.dto.report,OperationsLogReportDTO,139,18,30,0,2,2,21,5,6,5
sistema-riego-goteo-api,com.sistemariegoagoteo.sistema_riego_goteo_api.dto.report,WaterBalanceReportDTO.SectorData,178,19,38,0,4,1,27,5,8,5
sistema-riego-goteo-api,com.sistemariegoagoteo.sistema_riego_goteo_api.dto.report,WaterBalanceReportDTO.Summary,143,15,30,0,3,1,22,4,7,4
sistema-riego-goteo-api,com.sistemariegoagoteo.sistema_riego_goteo_api.dto.report,WaterBalanceReportDTO.DailyData,142,15,30,0,3,1,22,4,7,4
sistema-riego-goteo-api,com.sistemariegoagoteo.sistema_riego_goteo_api.dto.report,PeriodSummaryReportDTO.Period,104,11,22,0,2,1,17,3,6,3
sistema-riego-goteo-api,com.sistemariegoagoteo.sistema_riego_goteo_api.dto.report,PeriodSummaryReportDTO.WaterSummary,177,22,38,0,3,2,26,6,7,6
sistema-riego-goteo-api,com.sistemariegoagoteo.sistema_riego_goteo_api.dto.report,OperationsLogReportDTO.Operation,209,26,46,0,4,2,31,7,8,7
sistema-riego-goteo-api,com.sistemariegoagoteo.sistema_riego_goteo_api.dto.report,PeriodSummaryReportDTO,210,29,46,0,3,3,30,8,7,8
sistema-riego-goteo-api,com.sistemariegoagoteo.sistema_riego_goteo_api.dto.report,WaterBalanceReportDTO,170,28,38,0,1,4,24,8,5,8
sistema-riego-goteo-api,com.sistemariegoagoteo.sistema_riego_goteo_api.dto.report,WaterBalanceReportDTO.DateRange,104,11,22,0,2,1,17,3,6,3
sistema-riego-goteo-api,com.sistemariegoagoteo.sistema_riego_goteo_api.dto.weather,WeatherResponse.Weather,115,0,22,0,3,0,20,0,9,0
sistema-riego-goteo-api,com.sistemariegoagoteo.sistema_riego_goteo_api.dto.weather,WeatherResponse.Main,117,0,22,0,3,0,20,0,9,0
sistema-riego-goteo-api,com.sistemariegoagoteo.sistema_riego_goteo_api.dto.weather,WeatherResponse,155,3,30,0,3,1,25,1,10,1
sistema-riego-goteo-api,com.sistemariegoagoteo.sistema_riego_goteo_api.dto.weather,WeatherResponse.Wind,76,0,14,0,2,0,14,0,7,0
sistema-riego-goteo-api,com.sistemariegoagoteo.sistema_riego_goteo_api.controller.user,MeController,76,13,0,0,20,2,5,2,5,2
sistema-riego-goteo-api,com.sistemariegoagoteo.sistema_riego_goteo_api.dto.riego.calendar,SectorMonthlyIrrigationDTO,197,0,38,0,5,0,32,0,13,0
sistema-riego-goteo-api,com.sistemariegoagoteo.sistema_riego_goteo_api.dto.riego.calendar,IrrigationCalendarEventDTO,219,0,40,0,11,0,33,0,13,0
sistema-riego-goteo-api,com.sistemariegoagoteo.sistema_riego_goteo_api,SistemaRiegoGoteoApiApplication,5,11,0,0,2,4,1,3,1,3
sistema-riego-goteo-api,com.sistemariegoagoteo.sistema_riego_goteo_api.service.weather,WeatherService,0,74,1,3,0,13,1,3,0,2
sistema-riego-goteo-api,com.sistemariegoagoteo.sistema_riego_goteo_api.config.jwt,JwtConfig,3,14,0,0,1,6,1,4,1,4
sistema-riego-goteo-api,com.sistemariegoagoteo.sistema_riego_goteo_api.config.jwt,JwtAuthenticationFilter,4,89,3,7,1,24,3,5,0,3
sistema-riego-goteo-api,com.sistemariegoagoteo.sistema_riego_goteo_api.dto.notification,NotificationResponse,334,0,58,0,18,0,49,0,20,0
sistema-riego-goteo-api,com.sistemariegoagoteo.sistema_riego_goteo_api.service.riego,SectorService,468,200,26,6,82,34,27,9,13,7
sistema-riego-goteo-api,com.sistemariegoagoteo.sistema_riego_goteo_api.service.riego,IrrigationService,342,338,21,7,67,53,23,11,9,11
sistema-riego-goteo-api,com.sistemariegoagoteo.sistema_riego_goteo_api.service.riego,WaterSourceService,37,197,4,2,4,34,7,8,4,8
sistema-riego-goteo-api,com.sistemariegoagoteo.sistema_riego_goteo_api.service.riego,HumiditySensorService,73,176,3,3,5,33,7,6,4,6
sistema-riego-goteo-api,com.sistemariegoagoteo.sistema_riego_goteo_api.service.riego,HumidityAlertService,245,19,10,0,42,2,13,2,8,2
sistema-riego-goteo-api,com.sistemariegoagoteo.sistema_riego_goteo_api.service.riego,FertilizationService,106,283,5,5,11,43,10,6,5,6
sistema-riego-goteo-api,com.sistemariegoagoteo.sistema_riego_goteo_api.service.riego,OperationLogService,222,16,6,0,36,2,11,2,8,2
sistema-riego-goteo-api,com.sistemariegoagoteo.sistema_riego_goteo_api.service.riego,FarmService,245,184,26,10,48,38,21,9,5,7
sistema-riego-goteo-api,com.sistemariegoagoteo.sistema_riego_goteo_api.service.riego,EnergyConsumptionService,295,16,6,0,45,2,12,2,9,2
sistema-riego-goteo-api,com.sistemariegoagoteo.sistema_riego_goteo_api.service.riego,IrrigationEquipmentService,272,19,6,0,44,2,14,2,11,2
sistema-riego-goteo-api,com.sistemariegoagoteo.sistema_riego_goteo_api.service.riego,MaintenanceService,328,25,6,0,54,2,12,2,9,2
sistema-riego-goteo-api,com.sistemariegoagoteo.sistema_riego_goteo_api.service.riego,TaskService,205,19,4,0,38,2,10,2,8,2
sistema-riego-goteo-api,com.sistemariegoagoteo.sistema_riego_goteo_api.service.riego,PrecipitationService,170,255,3,5,22,44,13,8,10,7
sistema-riego-goteo-api,com.sistemariegoagoteo.sistema_riego_goteo_api.service.riego,ReservoirTurnService,55,224,5,7,6,37,8,8,4,6
sistema-riego-goteo-api,com.sistemariegoagoteo.sistema_riego_goteo_api.service.dashboard,AnalystDashboardService,2,174,1,1,0,38,1,7,0,7
sistema-riego-goteo-api,com.sistemariegoagoteo.sistema_riego_goteo_api.service.dashboard,DashboardService,0,64,0,0,0,11,0,4,0,4
sistema-riego-goteo-api,com.sistemariegoagoteo.sistema_riego_goteo_api.service.analytics,AnalyticsService,60,157,6,4,9,35,5,11,1,10
sistema-riego-goteo-api,com.sistemariegoagoteo.sistema_riego_goteo_api.dto.analytics,IrrigationTimeseriesDTO,155,15,30,0,4,2,25,2,10,2
sistema-riego-goteo-api,com.sistemariegoagoteo.sistema_riego_goteo_api.dto.analytics,IrrigationSectorSummaryDTO,191,21,38,0,4,3,30,3,11,3
sistema-riego-goteo-api,com.sistemariegoagoteo.sistema_riego_goteo_api.dto.analytics,IrrigationRecordDTO,403,45,80,2,11,13,62,3,21,3
sistema-riego-goteo-api,com.sistemariegoagoteo.sistema_riego_goteo_api.controller.report,ReportController,149,299,21,8,33,55,19,9,4,8
sistema-riego-goteo-api,com.sistemariegoagoteo.sistema_riego_goteo_api.controller.config,SystemConfigController,72,6,0,0,12,1,12,1,12,1
sistema-riego-goteo-api,com.sistemariegoagoteo.sistema_riego_goteo_api.controller.weather,WeatherController,17,13,0,0,4,2,1,2,1,2
sistema-riego-goteo-api,com.sistemariegoagoteo.sistema_riego_goteo_api.controller.notification,NotificationController,42,6,0,0,10,1,5,1,5,1
sistema-riego-goteo-api,com.sistemariegoagoteo.sistema_riego_goteo_api.exceptions,DeletionNotAllowedException,4,0,0,0,2,0,1,0,1,0
sistema-riego-goteo-api,com.sistemariegoagoteo.sistema_riego_goteo_api.exceptions,ResourceNotFoundException,4,19,0,0,2,2,1,1,1,1
sistema-riego-goteo-api,com.sistemariegoagoteo.sistema_riego_goteo_api.exceptions,GlobalExceptionHandler,66,112,0,0,18,30,3,6,3,6
sistema-riego-goteo-api,com.sistemariegoagoteo.sistema_riego_goteo_api.controller.auth,AuthController,37,55,0,0,12,15,1,4,1,4
sistema-riego-goteo-api,com.sistemariegoagoteo.sistema_riego_goteo_api.model.riego,Sector,172,100,34,4,4,9,29,10,10,10
sistema-riego-goteo-api,com.sistemariegoagoteo.sistema_riego_goteo_api.model.riego,OperationLog,303,3,56,0,11,1,46,1,18,1
sistema-riego-goteo-api,com.sistemariegoagoteo.sistema_riego_goteo_api.model.riego,UnitOfMeasure,0,15,0,0,0,3,0,1,0,1
sistema-riego-goteo-api,com.sistemariegoagoteo.sistema_riego_goteo_api.model.riego,Irrigation,329,67,71,1,1,13,41,18,5,18
sistema-riego-goteo-api,com.sistemariegoagoteo.sistema_riego_goteo_api.model.riego,WaterSource,159,29,30,0,2,6,22,7,7,7
sistema-riego-goteo-api,com.sistemariegoagoteo.sistema_riego_goteo_api.model.riego,Task,323,62,74,2,5,13,44,17,6,17
sistema-riego-goteo-api,com.sistemariegoagoteo.sistema_riego_goteo_api.model.riego,Precipitation,222,35,46,0,2,6,29,10,6,10
sistema-riego-goteo-api,com.sistemariegoagoteo.sistema_riego_goteo_api.model.riego,Maintenance,304,3,56,0,11,1,46,1,18,1
sistema-riego-goteo-api,com.sistemariegoagoteo.sistema_riego_goteo_api.model.riego,IrrigationEquipment,328,53,62,0,6,8,43,12,12,12
sistema-riego-goteo-api,com.sistemariegoagoteo.sistema_riego_goteo_api.model.riego,TaskStatus,0,27,0,0,0,5,0,1,0,1
sistema-riego-goteo-api,com.sistemariegoagoteo.sistema_riego_goteo_api.model.riego,EnergyConsumption,253,3,46,0,7,1,38,1,15,1
sistema-riego-goteo-api,com.sistemariegoagoteo.sistema_riego_goteo_api.model.riego,Fertilization,309,42,64,0,6,7,41,12,9,12
sistema-riego-goteo-api,com.sistemariegoagoteo.sistema_riego_goteo_api.model.riego,Farm,288,195,49,13,6,18,41,24,16,18
sistema-riego-goteo-api,com.sistemariegoagoteo.sistema_riego_goteo_api.model.riego,ReservoirTurn,185,28,38,0,2,5,25,8,6,8
sistema-riego-goteo-api,com.sistemariegoagoteo.sistema_riego_goteo_api.model.riego,HumidityAlert,297,3,54,0,8,1,44,1,17,1
sistema-riego-goteo-api,com.sistemariegoagoteo.sistema_riego_goteo_api.model.riego,HumiditySensor,236,40,46,0,3,7,31,10,8,10
sistema-riego-goteo-api,com.sistemariegoagoteo.sistema_riego_goteo_api.service.auth,JwtService,3,152,2,4,2,34,2,12,0,11
sistema-riego-goteo-api,com.sistemariegoagoteo.sistema_riego_goteo_api.service.auth,UserService,516,522,19,17,89,94,31,17,21,9
sistema-riego-goteo-api,com.sistemariegoagoteo.sistema_riego_goteo_api.service.auth,JpaUserDetailsService,0,21,0,0,0,3,0,3,0,3
sistema-riego-goteo-api,com.sistemariegoagoteo.sistema_riego_goteo_api.service.auth,AuthService,0,260,0,8,0,51,0,9,0,5
sistema-riego-goteo-api,com.sistemariegoagoteo.sistema_riego_goteo_api.controller.admin,AdminDashboardController,7,6,0,0,2,1,1,1,1,1
sistema-riego-goteo-api,com.sistemariegoagoteo.sistema_riego_goteo_api.controller.admin,AdminUserController,159,10,0,0,34,2,10,2,10,2
sistema-riego-goteo-api,com.sistemariegoagoteo.sistema_riego_goteo_api.controller.sync,MobileSyncController,191,10,2,0,38,2,8,2,7,2
sistema-riego-goteo-api,com.sistemariegoagoteo.sistema_riego_goteo_api.model.audit,Synchronization,251,3,46,0,7,1,38,1,15,1
sistema-riego-goteo-api,com.sistemariegoagoteo.sistema_riego_goteo_api.model.audit,ChangeHistory,381,3,70,0,10,1,56,1,21,1
sistema-riego-goteo-api,com.sistemariegoagoteo.sistema_riego_goteo_api.dto.geocoding,GeocodingResponse.Result,76,0,14,0,2,0,14,0,7,0
sistema-riego-goteo-api,com.sistemariegoagoteo.sistema_riego_goteo_api.dto.geocoding,GeocodingResponse.Geometry,117,0,22,0,3,0,20,0,9,0
sistema-riego-goteo-api,com.sistemariegoagoteo.sistema_riego_goteo_api.dto.geocoding,GeocodingResponse,76,0,14,0,2,0,14,0,7,0
sistema-riego-goteo-api,com.sistemariegoagoteo.sistema_riego_goteo_api.service.sync,MobileSyncService,1087,390,69,21,205,72,52,10,12,5
sistema-riego-goteo-api,com.sistemariegoagoteo.sistema_riego_goteo_api.model.config,ConfigType,0,33,0,0,0,6,0,1,0,1
sistema-riego-goteo-api,com.sistemariegoagoteo.sistema_riego_goteo_api.model.config,SystemConfig,193,18,38,0,5,2,31,2,12,2
sistema-riego-goteo-api,com.sistemariegoagoteo.sistema_riego_goteo_api.dto.riego,WaterSourceResponse,219,0,40,0,13,0,34,0,14,0
sistema-riego-goteo-api,com.sistemariegoagoteo.sistema_riego_goteo_api.dto.riego,PrecipitationSummaryResponse,214,0,38,0,7,0,33,0,14,0
sistema-riego-goteo-api,com.sistemariegoagoteo.sistema_riego_goteo_api.dto.riego,IrrigationRequest,248,31,54,0,2,5,35,9,8,9
sistema-riego-goteo-api,com.sistemariegoagoteo.sistema_riego_goteo_api.dto.riego,HumiditySensorRequest,133,24,30,0,0,4,19,7,4,7
sistema-riego-goteo-api,com.sistemariegoagoteo.sistema_riego_goteo_api.dto.riego,EnergyConsumptionRequest,157,0,30,0,4,0,26,0,11,0
sistema-riego-goteo-api,com.sistemariegoagoteo.sistema_riego_goteo_api.dto.riego,SectorResponse,312,0,58,0,18,0,47,0,18,0
sistema-riego-goteo-api,com.sistemariegoagoteo.sistema_riego_goteo_api.dto.riego,HumidityAlertResponse,549,0,100,0,29,0,78,0,28,0
sistema-riego-goteo-api,com.sistemariegoagoteo.sistema_riego_goteo_api.dto.riego,TaskRequest,155,0,30,0,4,0,26,0,11,0
sistema-riego-goteo-api,com.sistemariegoagoteo.sistema_riego_goteo_api.dto.riego,WaterSourceRequest,65,10,14,0,0,2,11,3,4,3
sistema-riego-goteo-api,com.sistemariegoagoteo.sistema_riego_goteo_api.dto.riego,OperationLogRequest,156,0,30,0,4,0,26,0,11,0
sistema-riego-goteo-api,com.sistemariegoagoteo.sistema_riego_goteo_api.dto.riego,PrecipitationResponse,310,0,56,0,17,0,46,0,18,0
sistema-riego-goteo-api,com.sistemariegoagoteo.sistema_riego_goteo_api.dto.riego,TaskResponse,451,92,98,4,4,25,69,9,18,9
sistema-riego-goteo-api,com.sistemariegoagoteo.sistema_riego_goteo_api.dto.riego,FarmResponse,298,52,62,0,2,16,43,8,12,8
sistema-riego-goteo-api,com.sistemariegoagoteo.sistema_riego_goteo_api.dto.riego,SectorHistoryEntryDTO,255,0,46,0,8,0,39,0,16,0
sistema-riego-goteo-api,com.sistemariegoagoteo.sistema_riego_goteo_api.dto.riego,EnergyConsumptionResponse,309,0,56,0,17,0,46,0,18,0
sistema-riego-goteo-api,com.sistemariegoagoteo.sistema_riego_goteo_api.dto.riego,ReservoirTurnResponse,361,0,66,0,20,0,53,0,20,0
sistema-riego-goteo-api,com.sistemariegoagoteo.sistema_riego_goteo_api.dto.riego,HumiditySensorResponse,405,0,74,0,22,0,59,0,22,0
sistema-riego-goteo-api,com.sistemariegoagoteo.sistema_riego_goteo_api.dto.riego,FertilizationRequest,200,38,46,0,0,6,27,11,4,11
sistema-riego-goteo-api,com.sistemariegoagoteo.sistema_riego_goteo_api.dto.riego,SectorRequest,98,17,22,0,0,3,15,5,4,5
sistema-riego-goteo-api,com.sistemariegoagoteo.sistema_riego_goteo_api.dto.riego,MaintenanceRequest,157,0,30,0,4,0,26,0,11,0
sistema-riego-goteo-api,com.sistemariegoagoteo.sistema_riego_goteo_api.dto.riego,HumidityAlertRequest,198,0,38,0,5,0,32,0,13,0
sistema-riego-goteo-api,com.sistemariegoagoteo.sistema_riego_goteo_api.dto.riego,OperationLogResponse,308,0,56,0,17,0,46,0,18,0
sistema-riego-goteo-api,com.sistemariegoagoteo.sistema_riego_goteo_api.dto.riego,IrrigationEquipmentResponse,396,0,72,0,21,0,58,0,22,0
sistema-riego-goteo-api,com.sistemariegoagoteo.sistema_riego_goteo_api.dto.riego,IrrigationResponse,589,0,108,0,31,0,84,0,30,0
sistema-riego-goteo-api,com.sistemariegoagoteo.sistema_riego_goteo_api.dto.riego,FertilizationResponse,495,0,90,0,26,0,71,0,26,0
sistema-riego-goteo-api,com.sistemariegoagoteo.sistema_riego_goteo_api.dto.riego,PrecipitationRequest,100,17,22,0,0,3,15,5,4,5
sistema-riego-goteo-api,com.sistemariegoagoteo.sistema_riego_goteo_api.dto.riego,MaintenanceResponse,450,0,82,0,24,0,65,0,24,0
sistema-riego-goteo-api,com.sistemariegoagoteo.sistema_riego_goteo_api.dto.riego,TaskStatusUpdateRequest,76,0,14,0,2,0,14,0,7,0
sistema-riego-goteo-api,com.sistemariegoagoteo.sistema_riego_goteo_api.dto.riego,IrrigationEquipmentRequest,236,0,46,0,6,0,38,0,15,0
sistema-riego-goteo-api,com.sistemariegoagoteo.sistema_riego_goteo_api.dto.riego,FarmRequest,234,45,54,0,0,7,31,13,4,13
sistema-riego-goteo-api,com.sistemariegoagoteo.sistema_riego_goteo_api.dto.riego,ReservoirTurnRequest,100,17,22,0,0,3,15,5,4,5
sistema-riego-goteo-api,com.sistemariegoagoteo.sistema_riego_goteo_api.dto.user,SelfPasswordUpdateRequest,155,0,30,0,4,0,26,0,11,0
sistema-riego-goteo-api,com.sistemariegoagoteo.sistema_riego_goteo_api.dto.user,UserStatusUpdateRequest,75,0,14,0,3,0,14,0,7,0
sistema-riego-goteo-api,com.sistemariegoagoteo.sistema_riego_goteo_api.dto.user,AdminPasswordUpdateRequest,75,0,14,0,2,0,14,0,7,0
sistema-riego-goteo-api,com.sistemariegoagoteo.sistema_riego_goteo_api.dto.user,UserResponse,340,0,60,0,18,0,50,0,20,0
sistema-riego-goteo-api,com.sistemariegoagoteo.sistema_riego_goteo_api.dto.user,UserUpdateRequest,115,0,22,0,4,0,20,0,9,0
sistema-riego-goteo-api,com.sistemariegoagoteo.sistema_riego_goteo_api.service.report,ReportDataService,53,677,14,16,5,149,17,9,4,7
sistema-riego-goteo-api,com.sistemariegoagoteo.sistema_riego_goteo_api.service.report,ReportTaskService,755,28,48,0,128,2,32,2,7,2
sistema-riego-goteo-api,com.sistemariegoagoteo.sistema_riego_goteo_api.service.report,ExcelReportService,28,448,2,26,5,114,2,23,0,11
sistema-riego-goteo-api,com.sistemariegoagoteo.sistema_riego_goteo_api.service.report,PdfReportService,27,242,2,14,3,55,2,13,0,7
sistema-riego-goteo-api,com.sistemariegoagoteo.sistema_riego_goteo_api.service.report,ReportFileService,239,3,12,0,37,1,9,1,3,1
sistema-riego-goteo-api,com.sistemariegoagoteo.sistema_riego_goteo_api.service.config,SystemConfigService.new TypeReference() {...},6,0,0,0,1,0,1,0,1,0
sistema-riego-goteo-api,com.sistemariegoagoteo.sistema_riego_goteo_api.service.config,SystemConfigService,581,16,20,0,106,2,31,2,21,2
sistema-riego-goteo-api,com.sistemariegoagoteo.sistema_riego_goteo_api.model.notification,AppNotification,364,66,76,0,5,11,45,18,7,18
sistema-riego-goteo-api,com.sistemariegoagoteo.sistema_riego_goteo_api.model.notification,NotificationType,0,21,0,0,0,4,0,1,0,1
sistema-riego-goteo-api,com.sistemariegoagoteo.sistema_riego_goteo_api.dto.audit,ChangeHistoryResponse,440,0,80,0,23,0,64,0,24,0
sistema-riego-goteo-api,com.sistemariegoagoteo.sistema_riego_goteo_api.dto.audit,SynchronizationStatusUpdateRequest,75,0,14,0,2,0,14,0,7,0
sistema-riego-goteo-api,com.sistemariegoagoteo.sistema_riego_goteo_api.dto.audit,BatchSyncRequest,116,0,22,0,3,0,20,0,9,0
sistema-riego-goteo-api,com.sistemariegoagoteo.sistema_riego_goteo_api.dto.audit,SynchronizationRecordResponse,259,0,46,0,14,0,39,0,16,0
